,Unnamed: 0,읍면동명,이용자수,이용금액,업종명,점포 수,점포당 매출액,총이용자수,동별이용자수,창업비용,매출ratio,행정동코드,시군구명,행정동
0,15,송산동,1087616,39204891377,음식,152,257926916.95394737,17767237,6.121469534064301,89000000,2.898055246673566,5013051000,서귀포시,서귀포시 송산동
1,32,정방동,684580,24555916274,음식,143,171719694.22377622,17767237,3.853047043836922,89000000,1.9294347665592837,5013052000,서귀포시,서귀포시 정방동
2,35,중앙동,684580,24555916274,음식,155,158425266.28387097,17767237,3.853047043836922,89000000,1.7800591717288872,5013053000,서귀포시,서귀포시 중앙동
3,36,천지동,816266,28003399387,음식,220,127288179.03181818,17767237,4.594220249327456,89000000,1.430204258784474,5013054000,서귀포시,서귀포시 천지동
4,3,노형동,1505234,51892607922,음식,861,60270160.18815331,17767237,8.471964436563773,89000000,0.6771928111028462,5011066000,제주시,제주시 노형동
5,22,오라동,288426,8720145742,음식,148,58919903.66216216,17767237,1.6233587698526226,89000000,0.6620213894624962,5011064000,제주시,제주시 오라동
6,16,아라동,800117,24975055509,음식,454,55011135.482378855,17767237,4.5033282327466,89000000,0.6181026458694253,5011063000,제주시,제주시 아라동
7,25,용담2동,576652,14969147221,음식,279,53652857.42293907,17767237,3.24559187227592,89000000,0.6028410946397649,5011058000,제주시,제주시 용담2동
8,0,건입동,235379,8326356158,음식,159,52367019.86163522,17767237,1.3247923692355767,89000000,0.588393481591407,5011059000,제주시,제주시 건입동
9,21,예래동,265638,12613979914,음식,241,52340165.61825726,17767237,1.4951002229553194,89000000,0.5880917485197446,5013062000,서귀포시,서귀포시 예래동
10,19,연동,1239538,52262882930,음식,1062,49211754.17137477,17767237,6.976537770053948,89000000,0.5529410581053344,5011065000,제주시,제주시 연동
11,20,영천동,103484,3713270037,음식,77,48224286.1948052,17767237,0.582442841281399,89000000,0.541845912301182,5013056000,서귀포시,서귀포시 영천동
12,28,이도2동,1471450,46886500716,음식,981,47794598.0795107,17767237,8.281816694402174,89000000,0.5370179559495585,5011054000,제주시,제주시 이도2동
13,31,일도2동,507779,16262919821,음식,373,43600321.23592493,17767237,2.857951407976378,89000000,0.4898912498418531,5011052000,제주시,제주시 일도2동
14,34,중문동,276478,11772691013,음식,281,41895697.55516014,17767237,1.5561113976247405,89000000,0.4707381747770802,5013061000,서귀포시,서귀포시 중문동
15,12,삼양동,338774,9364047883,음식,232,40362275.35775862,17767237,1.9067342885109264,89000000,0.4535087118849283,5011061000,제주시,제주시 삼양동
16,8,동홍동,308887,11297287404,음식,284,39779181.0,17767237,1.738520176209728,89000000,0.4469570898876404,5013057000,서귀포시,서귀포시 동홍동
17,11,삼도2동,219932,8050837626,음식,215,37445756.4,17767237,1.2378514453316518,89000000,0.4207388359550562,5011056000,제주시,제주시 삼도2동
18,7,도두동,151815,6297049734,음식,177,35576552.16949152,17767237,0.8544660039149587,89000000,0.3997365412302418,5011069000,제주시,제주시 도두동
19,13,서홍동,131686,3447483113,음식,98,35178399.1122449,17767237,0.7411732054905329,89000000,0.3952629113735381,5013058000,서귀포시,서귀포시 서홍동
20,41,화북동,258470,7824392096,음식,229,34167651.074235804,17767237,1.4547563022883074,89000000,0.3839061918453461,5011060000,제주시,제주시 화북동
21,23,외도동,324592,10154518317,음식,302,33624232.83774834,17767237,1.8269132110974824,89000000,0.3778003689634645,5011067000,제주시,제주시 외도동
22,6,대천동,238757,6863190482,음식,205,33478977.96097561,17767237,1.3438048921168777,89000000,0.3761682916963552,5013060000,서귀포시,서귀포시 대천동
23,18,애월읍,787250,26992281558,음식,843,32019313.829181496,17767237,4.4309084186809695,89000000,0.3597675711143988,5011025300,제주시,제주시 애월읍
24,29,이호동,51433,2185072494,음식,70,31215321.34285714,17767237,0.2894822644623922,89000000,0.3507339476725521,5011068000,제주시,제주시 이호동
25,4,대륜동,280970,8921240742,음식,295,30241494.040677965,17767237,1.5813938880873826,89000000,0.3397920678727861,5013059000,서귀포시,서귀포시 대륜동
26,5,대정읍,376799,14847802229,음식,502,29577295.27689243,17767237,2.120751808511363,89000000,0.3323291604145217,5013025000,서귀포시,서귀포시 대정읍
27,33,조천읍,564229,19458786956,음식,673,28913502.16344725,17767237,3.175671039903391,89000000,0.32487081082525,5011025900,제주시,제주시 조천읍
28,14,성산읍,454499,17177623139,음식,609,28206277.73234811,17767237,2.5580736048041683,89000000,0.3169244689027877,5013025900,서귀포시,서귀포시 성산읍
29,9,봉개동,68471,1993691220,음식,71,28080158.028169014,17767237,0.3853778727665984,89000000,0.3155073935749327,5011062000,제주시,제주시 봉개동
30,17,안덕면,339291,14559922680,음식,521,27946108.790786948,17767237,1.9096441388157317,89000000,0.3140012223683927,5013031000,서귀포시,서귀포시 안덕면
31,24,용담1동,96194,4583767849,음식,165,27780411.206060607,17767237,0.5414122634824987,89000000,0.3121394517534899,5011057000,제주시,제주시 용담1동
32,42,효돈동,87773,2497370120,음식,91,27443627.69230769,17767237,0.4940160363707649,89000000,0.3083553673292998,5013055000,서귀포시,서귀포시 효돈동
33,40,한림읍,511357,19469817034,음식,724,26892012.47790056,17767237,2.8780895982870045,89000000,0.3021574435719164,5011025000,제주시,제주시 한림읍
34,30,일도1동,190336,4798301241,음식,180,26657229.116666667,17767237,1.0712751791401218,89000000,0.2995194282771535,5011051000,제주시,제주시 일도1동
35,10,삼도1동,141186,4604730225,음식,181,25440498.480662983,17767237,0.7946424083834758,89000000,0.2858482975355391,5011055000,제주시,제주시 삼도1동
36,38,표선면,230240,9667801841,음식,425,22747769.037647057,17767237,1.295868344639068,89000000,0.2555929105353602,5013032000,서귀포시,서귀포시 표선면
37,27,이도1동,160517,5016874855,음식,234,21439636.132478632,17767237,0.9034437937648944,89000000,0.2408947880053779,5011053000,제주시,제주시 이도1동
38,1,구좌읍,444206,14075039261,음식,693,20310301.963924963,17767237,2.500141130553952,89000000,0.2282056400441007,5011025600,제주시,제주시 구좌읍
39,2,남원읍,202722,7533086862,음식,380,19823912.794736844,17767237,1.140987763038226,89000000,0.2227405931992903,5013025300,서귀포시,서귀포시 남원읍
40,39,한경면,146761,5329274910,음식,300,17764249.7,17767237,0.8260203879759133,89000000,0.199598311235955,5011031000,제주시,제주시 한경면
41,37,추자면,14303,800833103,음식,48,16684022.979166666,17767237,0.0805021062081853,89000000,0.1874609323501872,5011032000,제주시,제주시 추자면
42,26,우도면,102570,2695144599,음식,183,14727566.114754098,17767237,0.5772985411293833,89000000,0.1654782709522932,5011033000,제주시,제주시 우도면
